slice_file_name,fsID,start,end,salience,fold,classID,class
101415-3-0-2.wav,101415,1.0,5.0,1,1,3,dog_bark
101415-3-0-3.wav,101415,1.5,5.5,1,1,3,dog_bark
101415-3-0-8.wav,101415,4.0,8.0,1,1,3,dog_bark
102106-3-0-0.wav,102106,2.243.852,3.884.477,2,1,3,dog_bark
102305-6-0-0.wav,102305,0.0,261.161,1,1,6,gun_shot
102842-3-0-1.wav,102842,0.5,4.5,2,1,3,dog_bark
102842-3-1-0.wav,102842,113.061.785,117.061.785,2,1,3,dog_bark
102842-3-1-5.wav,102842,115.561.785,119.561.785,2,1,3,dog_bark
102842-3-1-6.wav,102842,116.061.785,120.061.785,2,1,3,dog_bark
103074-7-0-0.wav,103074,3.341.279,7.341.279,1,1,7,jackhammer
103074-7-0-1.wav,103074,3.841.279,7.841.279,1,1,7,jackhammer
103074-7-0-2.wav,103074,4.341.279,8.341.279,1,1,7,jackhammer
103074-7-1-0.wav,103074,22.517.317,26.517.317,1,1,7,jackhammer
103074-7-1-1.wav,103074,23.017.317,27.017.317,1,1,7,jackhammer
103074-7-1-2.wav,103074,23.517.317,27.517.317,1,1,7,jackhammer
103074-7-1-3.wav,103074,24.017.317,28.017.317,1,1,7,jackhammer
103074-7-1-4.wav,103074,24.517.317,28.517.317,1,1,7,jackhammer
103074-7-1-5.wav,103074,25.017.317,29.017.317,1,1,7,jackhammer
103074-7-1-6.wav,103074,25.517.317,29.517.317,1,1,7,jackhammer
103074-7-2-0.wav,103074,42.347.083,43.727.176,1,1,7,jackhammer
103074-7-3-0.wav,103074,46.632.637,50.632.637,1,1,7,jackhammer
103074-7-3-1.wav,103074,47.132.637,51.132.637,1,1,7,jackhammer
103074-7-3-2.wav,103074,47.632.637,51.632.637,1,1,7,jackhammer
103074-7-3-3.wav,103074,48.132.637,52.132.637,1,1,7,jackhammer
103074-7-4-0.wav,103074,60.651.482,64.651.482,1,1,7,jackhammer
103074-7-4-1.wav,103074,61.151.482,65.151.482,1,1,7,jackhammer
103074-7-4-2.wav,103074,61.651.482,65.651.482,1,1,7,jackhammer
103074-7-4-3.wav,103074,62.151.482,66.151.482,1,1,7,jackhammer
103074-7-4-4.wav,103074,62.651.482,66.651.482,1,1,7,jackhammer
103074-7-4-5.wav,103074,63.151.482,67.151.482,1,1,7,jackhammer
103074-7-4-6.wav,103074,63.651.482,67.651.482,1,1,7,jackhammer
103258-5-0-0.wav,103258,0.0,4.0,1,1,5,engine_idling
103258-5-0-1.wav,103258,0.5,4.5,1,1,5,engine_idling
103258-5-0-10.wav,103258,5.0,9.0,1,1,5,engine_idling
103258-5-0-11.wav,103258,5.5,9.5,1,1,5,engine_idling
103258-5-0-12.wav,103258,6.0,10.0,1,1,5,engine_idling
103258-5-0-13.wav,103258,6.5,10.5,1,1,5,engine_idling
103258-5-0-14.wav,103258,7.0,11.0,1,1,5,engine_idling
103258-5-0-15.wav,103258,7.5,11.5,1,1,5,engine_idling
103258-5-0-16.wav,103258,8.0,12.0,1,1,5,engine_idling
103258-5-0-17.wav,103258,8.5,12.5,1,1,5,engine_idling
103258-5-0-18.wav,103258,9.0,13.0,1,1,5,engine_idling
103258-5-0-19.wav,103258,9.5,13.5,1,1,5,engine_idling
103258-5-0-2.wav,103258,1.0,5.0,1,1,5,engine_idling
103258-5-0-3.wav,103258,1.5,5.5,1,1,5,engine_idling
103258-5-0-4.wav,103258,2.0,6.0,1,1,5,engine_idling
103258-5-0-5.wav,103258,2.5,6.5,1,1,5,engine_idling
103258-5-0-6.wav,103258,3.0,7.0,1,1,5,engine_idling
103258-5-0-7.wav,103258,3.5,7.5,1,1,5,engine_idling
103258-5-0-8.wav,103258,4.0,8.0,1,1,5,engine_idling
103258-5-0-9.wav,103258,4.5,8.5,1,1,5,engine_idling
105415-2-0-1.wav,105415,0.5,4.5,1,1,2,children_playing
105415-2-0-15.wav,105415,7.5,11.5,1,1,2,children_playing
105415-2-0-19.wav,105415,9.5,13.5,1,1,2,children_playing
105415-2-0-21.wav,105415,10.5,14.5,1,1,2,children_playing
105415-2-0-24.wav,105415,12.0,16.0,1,1,2,children_playing
105415-2-0-4.wav,105415,2.0,6.0,1,1,2,children_playing
105415-2-0-6.wav,105415,3.0,7.0,1,1,2,children_playing
105415-2-0-8.wav,105415,4.0,8.0,1,1,2,children_playing
106905-8-0-0.wav,106905,43.636.489,47.636.489,2,1,8,siren
106905-8-0-1.wav,106905,44.136.489,48.136.489,2,1,8,siren
106905-8-0-2.wav,106905,44.636.489,48.636.489,2,1,8,siren
106905-8-0-3.wav,106905,45.136.489,49.136.489,2,1,8,siren
108041-9-0-11.wav,108041,5.5,9.5,1,1,9,street_music
108041-9-0-2.wav,108041,1.0,5.0,1,1,9,street_music
108041-9-0-4.wav,108041,2.0,6.0,1,1,9,street_music
108041-9-0-5.wav,108041,2.5,6.5,1,1,9,street_music
108041-9-0-6.wav,108041,3.0,7.0,1,1,9,street_music
108041-9-0-7.wav,108041,3.5,7.5,1,1,9,street_music
108041-9-0-9.wav,108041,4.5,8.5,1,1,9,street_music
108362-2-0-11.wav,108362,5.5,9.5,1,1,2,children_playing
108362-2-0-12.wav,108362,6.0,10.0,1,1,2,children_playing
108362-2-0-21.wav,108362,10.5,14.5,1,1,2,children_playing
108362-2-0-23.wav,108362,11.5,15.5,1,1,2,children_playing
108362-2-0-29.wav,108362,14.5,18.5,1,1,2,children_playing
108362-2-0-30.wav,108362,15.0,19.0,1,1,2,children_playing
108362-2-0-7.wav,108362,3.5,7.5,1,1,2,children_playing
108362-2-0-9.wav,108362,4.5,8.5,1,1,2,children_playing
113205-5-0-0.wav,113205,2.12,5.36,1,1,5,engine_idling
113205-5-1-0.wav,113205,27.04,31.04,1,1,5,engine_idling
113205-5-1-1.wav,113205,27.54,31.54,1,1,5,engine_idling
113205-5-1-2.wav,113205,28.04,32.04,1,1,5,engine_idling
113205-5-1-3.wav,113205,28.54,32.54,1,1,5,engine_idling
113205-5-1-4.wav,113205,29.04,33.04,1,1,5,engine_idling
113205-5-1-5.wav,113205,29.54,33.54,1,1,5,engine_idling
113205-5-1-6.wav,113205,30.04,34.04,1,1,5,engine_idling
113205-5-1-7.wav,113205,30.54,34.54,1,1,5,engine_idling
113205-5-1-8.wav,113205,31.04,35.04,1,1,5,engine_idling
113205-5-1-9.wav,113205,31.54,35.54,1,1,5,engine_idling
114587-3-0-2.wav,114587,2.467.612,6.467.612,1,1,3,dog_bark
114587-3-0-4.wav,114587,3.467.612,7.467.612,1,1,3,dog_bark
114587-3-0-5.wav,114587,3.967.612,7.967.612,1,1,3,dog_bark
114587-3-0-7.wav,114587,4.967.612,8.967.611.999.999.990,1,1,3,dog_bark
118101-3-0-0.wav,118101,1.042.871,5.042.871,1,1,3,dog_bark
118101-3-0-3.wav,118101,2.542.871,6.542.871,1,1,3,dog_bark
118101-3-0-4.wav,118101,3.042.871,7.042.871,1,1,3,dog_bark
118101-3-0-6.wav,118101,4.042.871,8.042.871,1,1,3,dog_bark
118279-8-0-0.wav,118279,0.0,4.0,2,1,8,siren
118279-8-0-1.wav,118279,0.5,4.5,2,1,8,siren
118279-8-0-10.wav,118279,5.0,9.0,2,1,8,siren
118279-8-0-11.wav,118279,5.5,9.5,2,1,8,siren
118279-8-0-12.wav,118279,6.0,10.0,2,1,8,siren
118279-8-0-13.wav,118279,6.5,10.5,2,1,8,siren
118279-8-0-14.wav,118279,7.0,11.0,2,1,8,siren
118279-8-0-2.wav,118279,1.0,5.0,2,1,8,siren
118279-8-0-3.wav,118279,1.5,5.5,2,1,8,siren
118279-8-0-4.wav,118279,2.0,6.0,2,1,8,siren
118279-8-0-5.wav,118279,2.5,6.5,2,1,8,siren
118279-8-0-6.wav,118279,3.0,7.0,2,1,8,siren
118279-8-0-7.wav,118279,3.5,7.5,2,1,8,siren
118279-8-0-8.wav,118279,4.0,8.0,2,1,8,siren
118279-8-0-9.wav,118279,4.5,8.5,2,1,8,siren
118963-3-0-0.wav,118963,0.0,0.519479,1,1,3,dog_bark
119455-5-0-0.wav,119455,0.446601,4.446.601,1,1,5,engine_idling
119455-5-0-1.wav,119455,0.946601,4.946.601,1,1,5,engine_idling
119455-5-0-2.wav,119455,1.446.601,5.446.601,1,1,5,engine_idling
119455-5-0-3.wav,119455,1.946.601,5.946.601,1,1,5,engine_idling
119455-5-0-4.wav,119455,24.466.010.000.000.000,6.446.601,1,1,5,engine_idling
119455-5-0-5.wav,119455,29.466.010.000.000.000,6.946.601,1,1,5,engine_idling
119455-5-0-6.wav,119455,34.466.010.000.000.000,7.446.601,1,1,5,engine_idling
119455-5-0-7.wav,119455,39.466.010.000.000.000,7.946.601,1,1,5,engine_idling
122690-6-0-0.wav,122690,12.231.953,1.537.784,1,1,6,gun_shot
124489-9-0-12.wav,124489,6.0,10.0,1,1,9,street_music
124489-9-0-14.wav,124489,7.0,11.0,1,1,9,street_music
124489-9-0-16.wav,124489,8.0,12.0,1,1,9,street_music
124489-9-0-17.wav,124489,8.5,12.5,1,1,9,street_music
124489-9-0-18.wav,124489,9.0,13.0,1,1,9,street_music
124489-9-0-6.wav,124489,3.0,7.0,1,1,9,street_music
125791-3-0-12.wav,125791,6.0,10.0,1,1,3,dog_bark
125791-3-0-13.wav,125791,6.5,10.5,1,1,3,dog_bark
125791-3-0-15.wav,125791,7.5,11.5,1,1,3,dog_bark
125791-3-0-9.wav,125791,4.5,8.5,1,1,3,dog_bark
127873-0-0-0.wav,127873,0.0,204.075,1,1,0,air_conditioner
130030-3-0-0.wav,130030,0.0,2.594.667,1,1,3,dog_bark
132016-9-0-0.wav,132016,46.661.108,50.661.108,2,1,9,street_music
132016-9-0-11.wav,132016,52.161.108,56.161.108,2,1,9,street_music
132016-9-0-14.wav,132016,53.661.108,57.661.108,2,1,9,street_music
132016-9-0-16.wav,132016,54.661.108,58.661.108,2,1,9,street_music
132016-9-0-20.wav,132016,56.661.108,60.661.108,2,1,9,street_music
132016-9-0-6.wav,132016,49.661.108,53.661.108,2,1,9,street_music
134717-0-0-0.wav,134717,0.0,4.0,1,1,0,air_conditioner
134717-0-0-1.wav,134717,0.5,4.5,1,1,0,air_conditioner
134717-0-0-12.wav,134717,6.0,10.0,1,1,0,air_conditioner
134717-0-0-13.wav,134717,6.5,10.5,1,1,0,air_conditioner
134717-0-0-14.wav,134717,7.0,11.0,1,1,0,air_conditioner
134717-0-0-15.wav,134717,7.5,11.5,1,1,0,air_conditioner
134717-0-0-16.wav,134717,8.0,12.0,1,1,0,air_conditioner
134717-0-0-18.wav,134717,9.0,13.0,1,1,0,air_conditioner
134717-0-0-19.wav,134717,9.5,13.5,1,1,0,air_conditioner
134717-0-0-2.wav,134717,1.0,5.0,1,1,0,air_conditioner
134717-0-0-20.wav,134717,10.0,14.0,1,1,0,air_conditioner
134717-0-0-21.wav,134717,10.5,14.5,1,1,0,air_conditioner
134717-0-0-22.wav,134717,11.0,15.0,1,1,0,air_conditioner
134717-0-0-23.wav,134717,11.5,15.5,1,1,0,air_conditioner
134717-0-0-24.wav,134717,12.0,16.0,1,1,0,air_conditioner
134717-0-0-25.wav,134717,12.5,16.5,1,1,0,air_conditioner
134717-0-0-26.wav,134717,13.0,17.0,1,1,0,air_conditioner
134717-0-0-27.wav,134717,13.5,17.5,1,1,0,air_conditioner
134717-0-0-28.wav,134717,14.0,18.0,1,1,0,air_conditioner
134717-0-0-4.wav,134717,2.0,6.0,1,1,0,air_conditioner
134717-0-0-5.wav,134717,2.5,6.5,1,1,0,air_conditioner
134717-0-0-6.wav,134717,3.0,7.0,1,1,0,air_conditioner
134717-0-0-7.wav,134717,3.5,7.5,1,1,0,air_conditioner
134717-0-0-8.wav,134717,4.0,8.0,1,1,0,air_conditioner
134717-0-0-9.wav,134717,4.5,8.5,1,1,0,air_conditioner
135776-2-0-32.wav,135776,16.0,20.0,2,1,2,children_playing
135776-2-0-37.wav,135776,18.5,22.5,2,1,2,children_playing
135776-2-0-40.wav,135776,20.0,24.0,2,1,2,children_playing
135776-2-0-49.wav,135776,24.5,28.5,2,1,2,children_playing
135776-2-0-50.wav,135776,25.0,29.0,2,1,2,children_playing
135776-2-0-65.wav,135776,32.5,36.5,2,1,2,children_playing
135776-2-0-85.wav,135776,42.5,46.5,2,1,2,children_playing
135776-2-0-90.wav,135776,45.0,49.0,2,1,2,children_playing
137156-9-0-28.wav,137156,14.0,18.0,1,1,9,street_music
137156-9-0-30.wav,137156,15.0,19.0,1,1,9,street_music
137156-9-0-31.wav,137156,15.5,19.5,1,1,9,street_music
137156-9-0-5.wav,137156,2.5,6.5,1,1,9,street_music
137156-9-0-73.wav,137156,36.5,40.5,1,1,9,street_music
137156-9-0-79.wav,137156,39.5,43.5,1,1,9,street_music
138015-3-0-1.wav,138015,0.5,4.5,1,1,3,dog_bark
138015-3-0-5.wav,138015,2.5,6.5,1,1,3,dog_bark
138015-3-0-7.wav,138015,3.5,7.5,1,1,3,dog_bark
138031-2-0-13.wav,138031,6.5,10.5,1,1,2,children_playing
138031-2-0-2.wav,138031,1.0,5.0,1,1,2,children_playing
138031-2-0-22.wav,138031,11.0,15.0,1,1,2,children_playing
138031-2-0-23.wav,138031,11.5,15.5,1,1,2,children_playing
138031-2-0-28.wav,138031,14.0,18.0,1,1,2,children_playing
138031-2-0-45.wav,138031,22.5,26.5,1,1,2,children_playing
138031-2-0-47.wav,138031,23.5,27.5,1,1,2,children_playing
138031-2-0-7.wav,138031,3.5,7.5,1,1,2,children_playing
139951-9-0-13.wav,139951,6.5,10.5,1,1,9,street_music
139951-9-0-17.wav,139951,8.5,12.5,1,1,9,street_music
139951-9-0-29.wav,139951,14.5,18.5,1,1,9,street_music
139951-9-0-33.wav,139951,16.5,20.5,1,1,9,street_music
139951-9-0-45.wav,139951,22.5,26.5,1,1,9,street_music
139951-9-0-9.wav,139951,4.5,8.5,1,1,9,street_music
14113-4-0-0.wav,14113,0.0,4.0,1,1,4,drilling
14113-4-0-1.wav,14113,0.5,4.5,1,1,4,drilling
143604-5-0-0.wav,143604,3.311.464,5.678.107,1,1,5,engine_idling
143651-2-0-0.wav,143651,0.0,4.0,2,1,2,children_playing
143651-2-0-16.wav,143651,8.0,12.0,2,1,2,children_playing
143651-2-0-20.wav,143651,10.0,14.0,2,1,2,children_playing
143651-2-0-22.wav,143651,11.0,15.0,2,1,2,children_playing
143651-2-0-39.wav,143651,19.5,23.5,2,1,2,children_playing
143651-2-0-55.wav,143651,27.5,31.5,2,1,2,children_playing
143651-2-0-59.wav,143651,29.5,33.5,2,1,2,children_playing
143651-2-0-63.wav,143651,31.5,35.5,2,1,2,children_playing
146186-5-0-0.wav,146186,0.0,4.0,1,1,5,engine_idling
146186-5-0-1.wav,146186,0.5,4.5,1,1,5,engine_idling
146186-5-0-10.wav,146186,5.0,9.0,1,1,5,engine_idling
146186-5-0-11.wav,146186,5.5,9.5,1,1,5,engine_idling
146186-5-0-12.wav,146186,6.0,10.0,1,1,5,engine_idling
146186-5-0-13.wav,146186,6.5,10.5,1,1,5,engine_idling
146186-5-0-2.wav,146186,1.0,5.0,1,1,5,engine_idling
146186-5-0-3.wav,146186,1.5,5.5,1,1,5,engine_idling
146186-5-0-4.wav,146186,2.0,6.0,1,1,5,engine_idling
146186-5-0-5.wav,146186,2.5,6.5,1,1,5,engine_idling
146186-5-0-6.wav,146186,3.0,7.0,1,1,5,engine_idling
146186-5-0-7.wav,146186,3.5,7.5,1,1,5,engine_idling
146186-5-0-8.wav,146186,4.0,8.0,1,1,5,engine_idling
146186-5-0-9.wav,146186,4.5,8.5,1,1,5,engine_idling
147764-4-0-0.wav,147764,0.441828,2.143.685,1,1,4,drilling
147764-4-1-0.wav,147764,2.143.685,5.220.118,1,1,4,drilling
147764-4-2-0.wav,147764,5.449.214,6.103.774,1,1,4,drilling
147764-4-3-0.wav,147764,6.431.054,7.543.807,1,1,4,drilling
147764-4-4-0.wav,147764,7.641.991,11.641.991,1,1,4,drilling
147764-4-4-1.wav,147764,8.141.991,12.141.991,1,1,4,drilling
147764-4-4-2.wav,147764,8.641.991,12.641.991,1,1,4,drilling
147764-4-5-0.wav,147764,1.629.855,17.329.482,1,1,4,drilling
147764-4-6-0.wav,147764,17.460.394,21.460.394,1,1,4,drilling
147764-4-7-0.wav,147764,23.400.529,24.595.101,1,1,4,drilling
147764-4-8-0.wav,147764,24.676.921,25.364.209,1,1,4,drilling
150341-3-0-0.wav,150341,12.834.011,13.322.652,1,1,3,dog_bark
150341-3-1-0.wav,150341,15.377.819,15.823.344,1,1,3,dog_bark
151977-0-0-0.wav,151977,0.466587,4.466.587,1,1,0,air_conditioner
151977-0-0-1.wav,151977,0.966587,4.966.587,1,1,0,air_conditioner
151977-0-0-10.wav,151977,5.466.587,9.466.587,1,1,0,air_conditioner
151977-0-0-11.wav,151977,5.966.587,9.966.587,1,1,0,air_conditioner
151977-0-0-12.wav,151977,6.466.587,10.466.587,1,1,0,air_conditioner
151977-0-0-13.wav,151977,6.966.587,10.966.587,1,1,0,air_conditioner
151977-0-0-2.wav,151977,1.466.587,54.665.870.000.000.000,1,1,0,air_conditioner
151977-0-0-3.wav,151977,1.966.587,59.665.870.000.000.000,1,1,0,air_conditioner
151977-0-0-4.wav,151977,2.466.587,64.665.870.000.000.000,1,1,0,air_conditioner
151977-0-0-5.wav,151977,2.966.587,69.665.870.000.000.000,1,1,0,air_conditioner
151977-0-0-6.wav,151977,3.466.587,74.665.870.000.000.000,1,1,0,air_conditioner
151977-0-0-7.wav,151977,3.966.587,79.665.870.000.000.000,1,1,0,air_conditioner
151977-0-0-8.wav,151977,4.466.587,8.466.587,1,1,0,air_conditioner
151977-0-0-9.wav,151977,4.966.587,8.966.587,1,1,0,air_conditioner
155202-9-0-124.wav,155202,62.0,66.0,1,1,9,street_music
155202-9-0-126.wav,155202,63.0,67.0,1,1,9,street_music
155202-9-0-135.wav,155202,67.5,71.5,1,1,9,street_music
155202-9-0-38.wav,155202,19.0,23.0,1,1,9,street_music
155202-9-0-42.wav,155202,21.0,25.0,1,1,9,street_music
155202-9-0-6.wav,155202,3.0,7.0,1,1,9,street_music
155310-3-0-0.wav,155310,0.0,2.774.785,1,1,3,dog_bark
15564-2-0-0.wav,15564,0.0,4.0,1,1,2,children_playing
15564-2-0-1.wav,15564,0.5,4.5,1,1,2,children_playing
15564-2-0-2.wav,15564,1.0,5.0,1,1,2,children_playing
156194-1-0-0.wav,156194,0.0,0.252086,2,1,1,car_horn
157867-8-0-0.wav,157867,0.0,4.0,1,1,8,siren
157867-8-0-1.wav,157867,0.5,4.5,1,1,8,siren
157867-8-0-10.wav,157867,5.0,9.0,1,1,8,siren
157867-8-0-11.wav,157867,5.5,9.5,1,1,8,siren
157867-8-0-12.wav,157867,6.0,10.0,1,1,8,siren
157867-8-0-13.wav,157867,6.5,10.5,1,1,8,siren
157867-8-0-14.wav,157867,7.0,11.0,1,1,8,siren
157867-8-0-15.wav,157867,7.5,11.5,1,1,8,siren
157867-8-0-16.wav,157867,8.0,12.0,1,1,8,siren
157867-8-0-17.wav,157867,8.5,12.5,1,1,8,siren
157867-8-0-18.wav,157867,9.0,13.0,1,1,8,siren
157867-8-0-19.wav,157867,9.5,13.5,1,1,8,siren
157867-8-0-2.wav,157867,1.0,5.0,1,1,8,siren
157867-8-0-20.wav,157867,10.0,14.0,1,1,8,siren
157867-8-0-21.wav,157867,10.5,14.5,1,1,8,siren
157867-8-0-22.wav,157867,11.0,15.0,1,1,8,siren
157867-8-0-23.wav,157867,11.5,15.5,1,1,8,siren
157867-8-0-24.wav,157867,12.0,16.0,1,1,8,siren
157867-8-0-25.wav,157867,12.5,16.5,1,1,8,siren
157867-8-0-26.wav,157867,13.0,17.0,1,1,8,siren
157867-8-0-27.wav,157867,13.5,17.5,1,1,8,siren
157867-8-0-28.wav,157867,14.0,18.0,1,1,8,siren
157867-8-0-3.wav,157867,1.5,5.5,1,1,8,siren
157867-8-0-4.wav,157867,2.0,6.0,1,1,8,siren
157867-8-0-5.wav,157867,2.5,6.5,1,1,8,siren
157867-8-0-6.wav,157867,3.0,7.0,1,1,8,siren
157867-8-0-7.wav,157867,3.5,7.5,1,1,8,siren
157867-8-0-8.wav,157867,4.0,8.0,1,1,8,siren
157867-8-0-9.wav,157867,4.5,8.5,1,1,8,siren
159738-8-0-0.wav,159738,0.746987,4.746.987,2,1,8,siren
159738-8-0-1.wav,159738,12.469.869.999.999.900,5.246.987,2,1,8,siren
159738-8-0-10.wav,159738,5.746.987,9.746.987,2,1,8,siren
159738-8-0-11.wav,159738,6.246.987,10.246.987,2,1,8,siren
159738-8-0-12.wav,159738,6.746.987,10.746.987,2,1,8,siren
159738-8-0-13.wav,159738,7.246.987,11.246.987,2,1,8,siren
159738-8-0-14.wav,159738,7.746.987,11.746.987,2,1,8,siren
159738-8-0-15.wav,159738,8.246.987,12.246.987,2,1,8,siren
159738-8-0-16.wav,159738,8.746.987,12.746.987,2,1,8,siren
159738-8-0-17.wav,159738,9.246.987,13.246.987,2,1,8,siren
159738-8-0-18.wav,159738,9.746.987,13.746.987,2,1,8,siren
159738-8-0-19.wav,159738,10.246.987,14.246.987,2,1,8,siren
159738-8-0-2.wav,159738,17.469.869.999.999.900,5.746.987,2,1,8,siren
159738-8-0-3.wav,159738,2.246.987,6.246.987,2,1,8,siren
159738-8-0-4.wav,159738,2.746.987,6.746.987,2,1,8,siren
159738-8-0-5.wav,159738,3.246.987,7.246.987,2,1,8,siren
159738-8-0-6.wav,159738,3.746.987,7.746.987,2,1,8,siren
159738-8-0-7.wav,159738,4.246.987,8.246.987,2,1,8,siren
159738-8-0-8.wav,159738,4.746.987,8.746.987,2,1,8,siren
159738-8-0-9.wav,159738,5.246.987,9.246.987,2,1,8,siren
160009-2-0-1.wav,160009,0.5,4.5,1,1,2,children_playing
160009-2-0-11.wav,160009,5.5,9.5,1,1,2,children_playing
160009-2-0-22.wav,160009,11.0,15.0,1,1,2,children_playing
160009-2-0-30.wav,160009,15.0,19.0,1,1,2,children_playing
160009-2-0-31.wav,160009,15.5,19.5,1,1,2,children_playing
160009-2-0-47.wav,160009,23.5,27.5,1,1,2,children_playing
160009-2-0-5.wav,160009,2.5,6.5,1,1,2,children_playing
160009-2-0-50.wav,160009,25.0,29.0,1,1,2,children_playing
160094-3-0-0.wav,160094,0.120695,0.313453,1,1,3,dog_bark
161702-9-0-26.wav,161702,13.0,17.0,1,1,9,street_music
161702-9-0-30.wav,161702,15.0,19.0,1,1,9,street_music
161702-9-0-37.wav,161702,18.5,22.5,1,1,9,street_music
161702-9-0-45.wav,161702,22.5,26.5,1,1,9,street_music
161702-9-0-6.wav,161702,3.0,7.0,1,1,9,street_music
161702-9-0-8.wav,161702,4.0,8.0,1,1,9,street_music
162540-1-0-0.wav,162540,125.562,1.618.235,1,1,1,car_horn
162540-1-1-0.wav,162540,5.888.426,6.202.331,1,1,1,car_horn
162540-1-2-0.wav,162540,10.207.327,10.672.773,1,1,1,car_horn
162703-1-0-0.wav,162703,0.432845,1.592.012,2,1,1,car_horn
164053-8-0-0.wav,164053,0.0,4.0,2,1,8,siren
164053-8-1-0.wav,164053,13.783.876,17.783.876,2,1,8,siren
164053-8-2-0.wav,164053,21.660.377,25.660.377,2,1,8,siren
164053-8-2-1.wav,164053,22.160.377,26.160.377,2,1,8,siren
164053-8-2-2.wav,164053,22.660.377,26.660.377,2,1,8,siren
164053-8-2-3.wav,164053,23.160.377,27.160.377,2,1,8,siren
164053-8-3-0.wav,164053,49.276.156,53.276.156,2,1,8,siren
164312-3-0-0.wav,164312,0.0,3.450.579,1,1,3,dog_bark
164312-3-1-0.wav,164312,6.182.287,8.171.162,1,1,3,dog_bark
164312-3-3-0.wav,164312,22.380.838,24.058.202,1,1,3,dog_bark
164312-3-4-0.wav,164312,25.711.605,27.412.932,1,1,3,dog_bark
165067-2-0-111.wav,165067,55.5,59.5,2,1,2,children_playing
165067-2-0-112.wav,165067,56.0,60.0,2,1,2,children_playing
165067-2-0-35.wav,165067,17.5,21.5,2,1,2,children_playing
165067-2-0-56.wav,165067,28.0,32.0,2,1,2,children_playing
165067-2-0-72.wav,165067,36.0,40.0,2,1,2,children_playing
165067-2-0-9.wav,165067,4.5,8.5,2,1,2,children_playing
165067-2-0-91.wav,165067,45.5,49.5,2,1,2,children_playing
165642-4-0-0.wav,165642,0.0,4.0,1,1,4,drilling
165645-4-0-0.wav,165645,0.0,0.693888,1,1,4,drilling
165645-4-1-0.wav,165645,0.8888,1.765.905,1,1,4,drilling
165645-4-2-0.wav,165645,1.882.852,2.822.329,1,1,4,drilling
165645-4-3-0.wav,165645,2.888.599,3.765.705,1,1,4,drilling
165645-4-4-0.wav,165645,4.295.866,5.169.073,1,1,4,drilling
165645-4-5-0.wav,165645,5.402.967,6.416.511,1,1,4,drilling
166268-3-0-0.wav,166268,0.0,0.239205,1,1,3,dog_bark
166268-3-1-0.wav,166268,0.940874,2.382.484,1,1,3,dog_bark
166268-3-2-0.wav,166268,3.495.586,3.706.087,1,1,3,dog_bark
172314-9-0-22.wav,172314,11.0,15.0,2,1,9,street_music
172314-9-0-40.wav,172314,20.0,24.0,2,1,9,street_music
172314-9-0-51.wav,172314,25.5,29.5,2,1,9,street_music
172314-9-0-52.wav,172314,26.0,30.0,2,1,9,street_music
172314-9-0-72.wav,172314,36.0,40.0,2,1,9,street_music
172314-9-0-80.wav,172314,40.0,44.0,2,1,9,street_music
174276-7-0-0.wav,174276,0.273606,2.633.453,1,1,7,jackhammer
174276-7-1-0.wav,174276,4.651.294,7.113.743,1,1,7,jackhammer
174276-7-2-0.wav,174276,8.139.764,12.139.764,1,1,7,jackhammer
174276-7-3-0.wav,174276,14.603.694,18.603.694,1,1,7,jackhammer
174276-7-4-0.wav,174276,20.007.403,24.007.403,1,1,7,jackhammer
174276-7-5-0.wav,174276,27.052.745,29.925.603,1,1,7,jackhammer
174276-7-6-0.wav,174276,31.464.634,34.508.495,1,1,7,jackhammer
174290-6-0-0.wav,174290,0.273102,2.366.884,1,1,6,gun_shot
174290-6-1-0.wav,174290,5.355.833,7.889.612,1,1,6,gun_shot
174290-6-2-0.wav,174290,9.968.221,12.289.587,1,1,6,gun_shot
174290-6-3-0.wav,174290,14.959.918,17.372.318,1,1,6,gun_shot
174294-6-0-0.wav,174294,0.0,2.535.721,1,1,6,gun_shot
174294-6-1-0.wav,174294,4.167.707,7.343.939,1,1,6,gun_shot
174294-6-2-0.wav,174294,10.046.368,13.126.084,1,1,6,gun_shot
175845-1-0-0.wav,175845,1.667.248,2.405.537,1,1,1,car_horn
175851-1-0-0.wav,175851,0.348692,1.791.682,1,1,1,car_horn
17592-5-0-0.wav,17592,2.005.174,6.005.174,1,1,5,engine_idling
17592-5-1-0.wav,17592,8.921.326,12.921.326,1,1,5,engine_idling
17592-5-1-1.wav,17592,9.421.326,13.421.326,1,1,5,engine_idling
17592-5-1-2.wav,17592,9.921.326,13.921.326,1,1,5,engine_idling
17592-5-1-3.wav,17592,10.421.326,14.421.326,1,1,5,engine_idling
176257-3-0-0.wav,176257,45.814.379,49.814.379,1,1,3,dog_bark
176258-3-1-12.wav,176258,75.897.629,79.897.629,1,1,3,dog_bark
176258-3-1-13.wav,176258,76.397.629,80.397.629,1,1,3,dog_bark
176258-3-1-18.wav,176258,78.897.629,82.897.629,1,1,3,dog_bark
176258-3-1-2.wav,176258,70.897.629,74.897.629,1,1,3,dog_bark
176638-1-0-0.wav,176638,451.208,5.061.169,1,1,1,car_horn
176638-1-1-0.wav,176638,6.724.352,7.520.133,1,1,1,car_horn
176714-2-0-18.wav,176714,9.0,13.0,1,1,2,children_playing
176714-2-0-23.wav,176714,11.5,15.5,1,1,2,children_playing
176714-2-0-26.wav,176714,13.0,17.0,1,1,2,children_playing
176714-2-0-33.wav,176714,16.5,20.5,1,1,2,children_playing
176714-2-0-40.wav,176714,20.0,24.0,1,1,2,children_playing
176714-2-0-51.wav,176714,25.5,29.5,1,1,2,children_playing
176714-2-0-55.wav,176714,27.5,31.5,1,1,2,children_playing
176714-2-0-77.wav,176714,38.5,42.5,1,1,2,children_playing
176787-5-0-0.wav,176787,0.0,4.0,1,1,5,engine_idling
176787-5-0-1.wav,176787,0.5,4.5,1,1,5,engine_idling
176787-5-0-10.wav,176787,5.0,9.0,1,1,5,engine_idling
176787-5-0-11.wav,176787,5.5,9.5,1,1,5,engine_idling
176787-5-0-12.wav,176787,6.0,10.0,1,1,5,engine_idling
176787-5-0-13.wav,176787,6.5,10.5,1,1,5,engine_idling
176787-5-0-14.wav,176787,7.0,11.0,1,1,5,engine_idling
176787-5-0-15.wav,176787,7.5,11.5,1,1,5,engine_idling
176787-5-0-16.wav,176787,8.0,12.0,1,1,5,engine_idling
176787-5-0-17.wav,176787,8.5,12.5,1,1,5,engine_idling
176787-5-0-18.wav,176787,9.0,13.0,1,1,5,engine_idling
176787-5-0-19.wav,176787,9.5,13.5,1,1,5,engine_idling
176787-5-0-2.wav,176787,1.0,5.0,1,1,5,engine_idling
176787-5-0-20.wav,176787,10.0,14.0,1,1,5,engine_idling
176787-5-0-21.wav,176787,10.5,14.5,1,1,5,engine_idling
176787-5-0-22.wav,176787,11.0,15.0,1,1,5,engine_idling
176787-5-0-23.wav,176787,11.5,15.5,1,1,5,engine_idling
176787-5-0-24.wav,176787,12.0,16.0,1,1,5,engine_idling
176787-5-0-25.wav,176787,12.5,16.5,1,1,5,engine_idling
176787-5-0-26.wav,176787,13.0,17.0,1,1,5,engine_idling
176787-5-0-27.wav,176787,13.5,17.5,1,1,5,engine_idling
176787-5-0-28.wav,176787,14.0,18.0,1,1,5,engine_idling
176787-5-0-29.wav,176787,14.5,18.5,1,1,5,engine_idling
176787-5-0-3.wav,176787,1.5,5.5,1,1,5,engine_idling
176787-5-0-30.wav,176787,15.0,19.0,1,1,5,engine_idling
176787-5-0-4.wav,176787,2.0,6.0,1,1,5,engine_idling
176787-5-0-5.wav,176787,2.5,6.5,1,1,5,engine_idling
176787-5-0-6.wav,176787,3.0,7.0,1,1,5,engine_idling
176787-5-0-7.wav,176787,3.5,7.5,1,1,5,engine_idling
176787-5-0-8.wav,176787,4.0,8.0,1,1,5,engine_idling
176787-5-0-9.wav,176787,4.5,8.5,1,1,5,engine_idling
177621-0-0-0.wav,177621,0.0,4.0,2,1,0,air_conditioner
177621-0-0-100.wav,177621,50.0,54.0,2,1,0,air_conditioner
177621-0-0-104.wav,177621,52.0,56.0,2,1,0,air_conditioner
177621-0-0-105.wav,177621,52.5,56.5,2,1,0,air_conditioner
177621-0-0-109.wav,177621,54.5,58.5,2,1,0,air_conditioner
177621-0-0-117.wav,177621,58.5,62.5,2,1,0,air_conditioner
177621-0-0-120.wav,177621,60.0,64.0,2,1,0,air_conditioner
177621-0-0-126.wav,177621,63.0,67.0,2,1,0,air_conditioner
177621-0-0-127.wav,177621,63.5,67.5,2,1,0,air_conditioner
177621-0-0-128.wav,177621,64.0,68.0,2,1,0,air_conditioner
177621-0-0-145.wav,177621,72.5,76.5,2,1,0,air_conditioner
177621-0-0-147.wav,177621,73.5,77.5,2,1,0,air_conditioner
177621-0-0-2.wav,177621,1.0,5.0,2,1,0,air_conditioner
177621-0-0-27.wav,177621,13.5,17.5,2,1,0,air_conditioner
177621-0-0-31.wav,177621,15.5,19.5,2,1,0,air_conditioner
177621-0-0-35.wav,177621,17.5,21.5,2,1,0,air_conditioner
177621-0-0-46.wav,177621,23.0,27.0,2,1,0,air_conditioner
177621-0-0-47.wav,177621,23.5,27.5,2,1,0,air_conditioner
177621-0-0-48.wav,177621,24.0,28.0,2,1,0,air_conditioner
177621-0-0-54.wav,177621,27.0,31.0,2,1,0,air_conditioner
177621-0-0-57.wav,177621,28.5,32.5,2,1,0,air_conditioner
177621-0-0-80.wav,177621,40.0,44.0,2,1,0,air_conditioner
177621-0-0-88.wav,177621,44.0,48.0,2,1,0,air_conditioner
177621-0-0-91.wav,177621,45.5,49.5,2,1,0,air_conditioner
177621-0-0-93.wav,177621,46.5,50.5,2,1,0,air_conditioner
17913-4-0-0.wav,17913,0.0,4.0,1,1,4,drilling
17913-4-0-1.wav,17913,0.5,4.5,1,1,4,drilling
17913-4-0-2.wav,17913,1.0,5.0,1,1,4,drilling
17913-4-1-0.wav,17913,8.462.876,9.512.387,2,1,4,drilling
17913-4-2-0.wav,17913,9.512.387,11.458.753,1,1,4,drilling
179858-1-0-0.wav,179858,0.627537,0.973626,1,1,1,car_horn
179867-1-0-0.wav,179867,0.025482,0.566271,1,1,1,car_horn
180256-3-0-0.wav,180256,0.0,4.0,1,1,3,dog_bark
180256-3-0-1.wav,180256,0.5,4.5,1,1,3,dog_bark
180256-3-0-2.wav,180256,1.0,5.0,1,1,3,dog_bark
180256-3-0-3.wav,180256,1.5,5.5,1,1,3,dog_bark
180937-7-0-0.wav,180937,171.272.327,175.272.327,1,1,7,jackhammer
180937-7-0-1.wav,180937,171.772.327,175.772.327,1,1,7,jackhammer
180937-7-0-2.wav,180937,172.272.327,176.272.327,1,1,7,jackhammer
180937-7-0-4.wav,180937,173.272.327,177.272.327,1,1,7,jackhammer
180937-7-0-5.wav,180937,173.772.327,177.772.327,1,1,7,jackhammer
180937-7-0-6.wav,180937,174.272.327,178.272.327,1,1,7,jackhammer
180937-7-1-0.wav,180937,193.415.715,197.415.715,1,1,7,jackhammer
180937-7-1-1.wav,180937,193.915.715,197.915.715,1,1,7,jackhammer
180937-7-1-10.wav,180937,198.415.715,202.415.715,1,1,7,jackhammer
180937-7-1-11.wav,180937,198.915.715,202.915.715,1,1,7,jackhammer
180937-7-1-12.wav,180937,199.415.715,203.415.715,1,1,7,jackhammer
180937-7-1-13.wav,180937,199.915.715,203.915.715,1,1,7,jackhammer
180937-7-1-14.wav,180937,200.415.715,204.415.715,1,1,7,jackhammer
180937-7-1-15.wav,180937,200.915.715,204.915.715,1,1,7,jackhammer
180937-7-1-2.wav,180937,194.415.715,198.415.715,1,1,7,jackhammer
180937-7-1-3.wav,180937,194.915.715,198.915.715,1,1,7,jackhammer
180937-7-1-4.wav,180937,195.415.715,199.415.715,1,1,7,jackhammer
180937-7-1-5.wav,180937,195.915.715,199.915.715,1,1,7,jackhammer
180937-7-1-6.wav,180937,196.415.715,200.415.715,1,1,7,jackhammer
180937-7-1-7.wav,180937,196.915.715,200.915.715,1,1,7,jackhammer
180937-7-1-8.wav,180937,197.415.715,201.415.715,1,1,7,jackhammer
180937-7-1-9.wav,180937,197.915.715,201.915.715,1,1,7,jackhammer
180937-7-2-0.wav,180937,252.163.479,256.163.479,1,1,7,jackhammer
180937-7-2-1.wav,180937,252.663.479,256.663.479,1,1,7,jackhammer
180937-7-2-10.wav,180937,257.163.479,261.163.479,1,1,7,jackhammer
180937-7-2-2.wav,180937,253.163.479,257.163.479,1,1,7,jackhammer
180937-7-2-3.wav,180937,253.663.479,257.663.479,1,1,7,jackhammer
180937-7-2-4.wav,180937,254.163.479,258.163.479,1,1,7,jackhammer
180937-7-2-5.wav,180937,254.663.479,258.663.479,1,1,7,jackhammer
180937-7-2-6.wav,180937,255.163.479,259.163.479,1,1,7,jackhammer
180937-7-2-7.wav,180937,255.663.479,259.663.479,1,1,7,jackhammer
180937-7-2-8.wav,180937,256.163.479,260.163.479,1,1,7,jackhammer
180937-7-2-9.wav,180937,256.663.479,260.663.479,1,1,7,jackhammer
180937-7-3-0.wav,180937,304.584.561,308.584.561,2,1,7,jackhammer
180937-7-3-1.wav,180937,305.084.561,309.084.561,2,1,7,jackhammer
180937-7-3-10.wav,180937,309.584.561,313.584.561,2,1,7,jackhammer
180937-7-3-11.wav,180937,310.084.561,314.084.561,2,1,7,jackhammer
180937-7-3-12.wav,180937,310.584.561,314.584.561,2,1,7,jackhammer
180937-7-3-13.wav,180937,311.084.561,315.084.561,2,1,7,jackhammer
180937-7-3-14.wav,180937,311.584.561,315.584.561,2,1,7,jackhammer
180937-7-3-15.wav,180937,312.084.561,316.084.561,2,1,7,jackhammer
180937-7-3-17.wav,180937,313.084.561,317.084.561,2,1,7,jackhammer
180937-7-3-18.wav,180937,313.584.561,317.584.561,2,1,7,jackhammer
180937-7-3-19.wav,180937,314.084.561,318.084.561,2,1,7,jackhammer
180937-7-3-2.wav,180937,305.584.561,309.584.561,2,1,7,jackhammer
180937-7-3-20.wav,180937,314.584.561,318.584.561,2,1,7,jackhammer
180937-7-3-21.wav,180937,315.084.561,319.084.561,2,1,7,jackhammer
180937-7-3-22.wav,180937,315.584.561,319.584.561,2,1,7,jackhammer
180937-7-3-23.wav,180937,316.084.561,320.084.561,2,1,7,jackhammer
180937-7-3-24.wav,180937,316.584.561,320.584.561,2,1,7,jackhammer
180937-7-3-26.wav,180937,317.584.561,321.584.561,2,1,7,jackhammer
180937-7-3-27.wav,180937,318.084.561,322.084.561,2,1,7,jackhammer
180937-7-3-28.wav,180937,318.584.561,322.584.561,2,1,7,jackhammer
180937-7-3-29.wav,180937,319.084.561,323.084.561,2,1,7,jackhammer
180937-7-3-3.wav,180937,306.084.561,310.084.561,2,1,7,jackhammer
180937-7-3-30.wav,180937,319.584.561,323.584.561,2,1,7,jackhammer
180937-7-3-31.wav,180937,320.084.561,324.084.561,2,1,7,jackhammer
180937-7-3-32.wav,180937,320.584.561,324.584.561,2,1,7,jackhammer
180937-7-3-33.wav,180937,321.084.561,325.084.561,2,1,7,jackhammer
180937-7-3-4.wav,180937,306.584.561,310.584.561,2,1,7,jackhammer
180937-7-3-5.wav,180937,307.084.561,311.084.561,2,1,7,jackhammer
180937-7-3-6.wav,180937,307.584.561,311.584.561,2,1,7,jackhammer
180937-7-3-7.wav,180937,308.084.561,312.084.561,2,1,7,jackhammer
180937-7-3-8.wav,180937,308.584.561,312.584.561,2,1,7,jackhammer
180937-7-3-9.wav,180937,309.084.561,313.084.561,2,1,7,jackhammer
180937-7-4-0.wav,180937,463.203.523,467.203.523,2,1,7,jackhammer
180937-7-4-10.wav,180937,468.203.523,472.203.523,2,1,7,jackhammer
180937-7-4-11.wav,180937,468.703.523,472.703.523,2,1,7,jackhammer
180937-7-4-12.wav,180937,469.203.523,473.203.523,2,1,7,jackhammer
180937-7-4-13.wav,180937,469.703.523,473.703.523,2,1,7,jackhammer
180937-7-4-14.wav,180937,470.203.523,474.203.523,2,1,7,jackhammer
180937-7-4-2.wav,180937,464.203.523,468.203.523,2,1,7,jackhammer
180937-7-4-3.wav,180937,464.703.523,468.703.523,2,1,7,jackhammer
180937-7-4-4.wav,180937,465.203.523,469.203.523,2,1,7,jackhammer
180937-7-4-5.wav,180937,465.703.523,469.703.523,2,1,7,jackhammer
180937-7-4-6.wav,180937,466.203.523,470.203.523,2,1,7,jackhammer
180937-7-4-7.wav,180937,466.703.523,470.703.523,2,1,7,jackhammer
180937-7-4-8.wav,180937,467.203.523,471.203.523,2,1,7,jackhammer
180937-7-4-9.wav,180937,467.703.523,471.703.523,2,1,7,jackhammer
182800-2-0-0.wav,182800,1.405.558,5.405.558,1,1,2,children_playing
182800-2-1-0.wav,182800,21.083.366,23.687.782,1,1,2,children_playing
182800-2-2-0.wav,182800,25.672.099,29.672.099,1,1,2,children_playing
182800-2-2-1.wav,182800,26.172.099,30.172.099,1,1,2,children_playing
182800-2-2-2.wav,182800,26.672.099,30.672.099,1,1,2,children_playing
182800-2-2-3.wav,182800,27.172.099,31.172.099,1,1,2,children_playing
182800-2-3-0.wav,182800,55.974.271,59.974.271,1,1,2,children_playing
182800-2-3-1.wav,182800,56.474.271,60.474.271,1,1,2,children_playing
184355-1-0-0.wav,184355,408.756,4.750.408,2,1,1,car_horn
19026-1-0-0.wav,19026,0.012822,1.050.575,1,1,1,car_horn
191431-9-0-26.wav,191431,19.303.963,23.303.963,1,1,9,street_music
191431-9-0-30.wav,191431,21.303.963,25.303.963,1,1,9,street_music
191431-9-0-61.wav,191431,36.803.963,40.803.963,1,1,9,street_music
191431-9-0-66.wav,191431,39.303.963,43.303.963,1,1,9,street_music
191431-9-0-73.wav,191431,42.803.963,46.803.963,1,1,9,street_music
191431-9-0-8.wav,191431,10.303.963,14.303.963,1,1,9,street_music
192124-2-0-0.wav,192124,0.0,4.0,1,1,2,children_playing
192124-2-0-11.wav,192124,5.5,9.5,1,1,2,children_playing
192124-2-0-12.wav,192124,6.0,10.0,1,1,2,children_playing
192124-2-0-15.wav,192124,7.5,11.5,1,1,2,children_playing
192124-2-0-3.wav,192124,1.5,5.5,1,1,2,children_playing
192124-2-0-4.wav,192124,2.0,6.0,1,1,2,children_playing
192124-2-0-5.wav,192124,2.5,6.5,1,1,2,children_playing
192124-2-0-7.wav,192124,3.5,7.5,1,1,2,children_playing
193394-3-0-10.wav,193394,5.0,9.0,1,1,3,dog_bark
193394-3-0-11.wav,193394,5.5,9.5,1,1,3,dog_bark
193394-3-0-4.wav,193394,2.0,6.0,1,1,3,dog_bark
193394-3-0-7.wav,193394,3.5,7.5,1,1,3,dog_bark
193698-2-0-112.wav,193698,56.0,60.0,2,1,2,children_playing
193698-2-0-113.wav,193698,56.5,60.5,2,1,2,children_playing
193698-2-0-114.wav,193698,57.0,61.0,2,1,2,children_playing
193698-2-0-140.wav,193698,70.0,74.0,2,1,2,children_playing
193698-2-0-42.wav,193698,21.0,25.0,2,1,2,children_playing
193698-2-0-58.wav,193698,29.0,33.0,2,1,2,children_playing
193698-2-0-64.wav,193698,32.0,36.0,2,1,2,children_playing
193698-2-0-89.wav,193698,44.5,48.5,2,1,2,children_playing
194732-9-0-126.wav,194732,57.235.978,61.235.978,1,1,9,street_music
194732-9-0-163.wav,194732,75.735.978,79.735.978,1,1,9,street_music
194732-9-0-171.wav,194732,79.735.978,83.735.978,1,1,9,street_music
194732-9-0-175.wav,194732,81.735.978,85.735.978,1,1,9,street_music
194732-9-0-191.wav,194732,89.735.978,93.735.978,1,1,9,street_music
194732-9-0-41.wav,194732,14.735.978,18.735.978,1,1,9,street_music
194732-9-0-95.wav,194732,41.735.978,45.735.978,1,1,9,street_music
196065-2-0-0.wav,196065,0.0,2.712.381,1,1,2,children_playing
196079-2-0-0.wav,196079,0.0,2.391.542,1,1,2,children_playing
196087-2-0-0.wav,196087,0.0,4.0,1,1,2,children_playing
196400-6-0-0.wav,196400,0.0,3.139.605,1,1,6,gun_shot
197073-3-0-0.wav,197073,0.0,0.6576,1,1,3,dog_bark
197073-3-3-0.wav,197073,6.653.365,7.610.753,1,1,3,dog_bark
197073-3-4-3.wav,197073,11.209.271,15.209.271,1,1,3,dog_bark
197073-3-7-0.wav,197073,29.031.106,33.031.106,1,1,3,dog_bark
197318-6-0-0.wav,197318,0.401594,193.267,1,1,6,gun_shot
197318-6-1-0.wav,197318,2.409.563,4.216.735,1,1,6,gun_shot
197318-6-10-0.wav,197318,3.124.902,325.291,1,1,6,gun_shot
197318-6-11-0.wav,197318,33.909.579,35.741.851,1,1,6,gun_shot
197318-6-12-0.wav,197318,37.549.023,38.879.303,1,1,6,gun_shot
197318-6-2-0.wav,197318,4.417.532,6.350.202,1,1,6,gun_shot
197318-6-3-0.wav,197318,6.801.996,8.759.765,1,1,6,gun_shot
197318-6-4-0.wav,197318,10.843.033,12.800.803,1,1,6,gun_shot
197318-6-5-0.wav,197318,1.370.439,15.411.163,1,1,6,gun_shot
197318-6-6-0.wav,197318,16.641.044,18.724.312,1,1,6,gun_shot
197318-6-7-0.wav,197318,20.054.592,21.886.864,1,1,6,gun_shot
197318-6-8-0.wav,197318,22.388.856,2.407.053,1,1,6,gun_shot
197318-6-9-0.wav,197318,27.659.775,29.592.446,1,1,6,gun_shot
203356-3-0-0.wav,203356,37.465.647,41.465.647,2,1,3,dog_bark
203356-3-0-1.wav,203356,37.965.647,41.965.647,2,1,3,dog_bark
203356-3-0-2.wav,203356,38.465.647,42.465.647,2,1,3,dog_bark
203356-3-0-3.wav,203356,38.965.647,42.965.647,2,1,3,dog_bark
203440-3-0-0.wav,203440,23.509.202,27.509.202,2,1,3,dog_bark
203440-3-0-1.wav,203440,24.009.202,28.009.202,2,1,3,dog_bark
203440-3-0-5.wav,203440,26.009.202,30.009.202,2,1,3,dog_bark
203440-3-0-6.wav,203440,26.509.202,30.509.202,2,1,3,dog_bark
21684-9-0-12.wav,21684,6.0,10.0,1,1,9,street_music
21684-9-0-25.wav,21684,12.5,16.5,1,1,9,street_music
21684-9-0-30.wav,21684,15.0,19.0,1,1,9,street_music
21684-9-0-39.wav,21684,19.5,23.5,1,1,9,street_music
21684-9-0-5.wav,21684,2.5,6.5,1,1,9,street_music
21684-9-0-50.wav,21684,25.0,29.0,1,1,9,street_music
21684-9-0-7.wav,21684,3.5,7.5,1,1,9,street_music
22962-4-0-0.wav,22962,0.0,4.0,1,1,4,drilling
22962-4-0-1.wav,22962,0.5,4.5,1,1,4,drilling
22962-4-0-2.wav,22962,1.0,5.0,1,1,4,drilling
24074-1-0-0.wav,24074,13.060.993,17.060.993,1,1,1,car_horn
24074-1-0-1.wav,24074,13.560.993,17.560.993,1,1,1,car_horn
24074-1-0-10.wav,24074,18.060.993,22.060.993,1,1,1,car_horn
24074-1-0-11.wav,24074,18.560.993,22.560.993,1,1,1,car_horn
24074-1-0-12.wav,24074,19.060.993,23.060.993,1,1,1,car_horn
24074-1-0-13.wav,24074,19.560.993,23.560.993,1,1,1,car_horn
24074-1-0-2.wav,24074,14.060.993,18.060.993,1,1,1,car_horn
24074-1-0-3.wav,24074,14.560.993,18.560.993,1,1,1,car_horn
24074-1-0-4.wav,24074,15.060.993,19.060.993,1,1,1,car_horn
24074-1-0-5.wav,24074,15.560.993,19.560.993,1,1,1,car_horn
24074-1-0-6.wav,24074,16.060.993,20.060.993,1,1,1,car_horn
24074-1-0-7.wav,24074,16.560.993,20.560.993,1,1,1,car_horn
24074-1-0-8.wav,24074,17.060.993,21.060.993,1,1,1,car_horn
24074-1-0-9.wav,24074,17.560.993,21.560.993,1,1,1,car_horn
26270-9-0-19.wav,26270,9.5,13.5,1,1,9,street_music
26270-9-0-23.wav,26270,11.5,15.5,1,1,9,street_music
26270-9-0-3.wav,26270,1.5,5.5,1,1,9,street_music
26270-9-0-30.wav,26270,15.0,19.0,1,1,9,street_music
26270-9-0-32.wav,26270,16.0,20.0,1,1,9,street_music
26270-9-0-35.wav,26270,17.5,21.5,1,1,9,street_music
30823-8-0-0.wav,30823,7.167.619,11.167.619,2,1,8,siren
31323-3-0-1.wav,31323,0.992016,4.992.016,2,1,3,dog_bark
31323-3-0-2.wav,31323,1.492.016,5.492.016,2,1,3,dog_bark
31323-3-0-20.wav,31323,10.492.016,14.492.016,2,1,3,dog_bark
31323-3-0-22.wav,31323,11.492.016,15.492.016,2,1,3,dog_bark
31840-3-0-0.wav,31840,0.020035,3.546.214,1,1,3,dog_bark
31840-3-1-0.wav,31840,495.368,598.048,1,1,3,dog_bark
40722-8-0-0.wav,40722,0.0,4.0,2,1,8,siren
40722-8-0-1.wav,40722,0.5,4.5,2,1,8,siren
40722-8-0-2.wav,40722,1.0,5.0,2,1,8,siren
40722-8-0-3.wav,40722,1.5,5.5,2,1,8,siren
40722-8-0-4.wav,40722,2.0,6.0,2,1,8,siren
40722-8-0-5.wav,40722,2.5,6.5,2,1,8,siren
40722-8-0-6.wav,40722,3.0,7.0,2,1,8,siren
40722-8-0-7.wav,40722,3.5,7.5,2,1,8,siren
40722-8-0-8.wav,40722,4.0,8.0,2,1,8,siren
43786-3-0-0.wav,43786,0.536063,1.142.558,1,1,3,dog_bark
43786-3-1-0.wav,43786,2.926.828,3.314.202,1,1,3,dog_bark
43806-8-0-0.wav,43806,0.0,4.0,1,1,8,siren
44736-5-0-0.wav,44736,0.0,4.0,1,1,5,engine_idling
44736-5-0-1.wav,44736,0.5,4.5,1,1,5,engine_idling
46654-6-0-0.wav,46654,0.084334,1.222.838,1,1,6,gun_shot
46656-6-0-0.wav,46656,0.247654,1.666.033,1,1,6,gun_shot
46656-6-1-0.wav,46656,332.081,4.637.877,1,1,6,gun_shot
46656-6-2-0.wav,46656,5.549.692,7.046.871,1,1,6,gun_shot
46656-6-3-0.wav,46656,7.519.664,8.938.044,1,1,6,gun_shot
46656-6-4-0.wav,46656,9.118.156,10.626.591,1,1,6,gun_shot
46656-6-5-0.wav,46656,10.761.675,12.112.513,1,1,6,gun_shot
46669-4-0-0.wav,46669,0.0,4.0,1,1,4,drilling
46669-4-0-10.wav,46669,5.0,9.0,1,1,4,drilling
46669-4-0-2.wav,46669,1.0,5.0,1,1,4,drilling
46669-4-0-24.wav,46669,12.0,16.0,1,1,4,drilling
46669-4-0-26.wav,46669,13.0,17.0,1,1,4,drilling
46669-4-0-3.wav,46669,1.5,5.5,1,1,4,drilling
46669-4-0-30.wav,46669,15.0,19.0,1,1,4,drilling
46669-4-0-31.wav,46669,15.5,19.5,1,1,4,drilling
46669-4-0-32.wav,46669,16.0,20.0,1,1,4,drilling
46669-4-0-33.wav,46669,16.5,20.5,1,1,4,drilling
46669-4-0-35.wav,46669,17.5,21.5,1,1,4,drilling
46669-4-0-36.wav,46669,18.0,22.0,1,1,4,drilling
46669-4-0-37.wav,46669,18.5,22.5,1,1,4,drilling
46669-4-0-39.wav,46669,19.5,23.5,1,1,4,drilling
46669-4-0-4.wav,46669,2.0,6.0,1,1,4,drilling
46669-4-0-45.wav,46669,22.5,26.5,1,1,4,drilling
46669-4-0-48.wav,46669,24.0,28.0,1,1,4,drilling
46669-4-0-49.wav,46669,24.5,28.5,1,1,4,drilling
46669-4-0-54.wav,46669,27.0,31.0,1,1,4,drilling
46669-4-0-61.wav,46669,30.5,34.5,1,1,4,drilling
46669-4-0-63.wav,46669,31.5,35.5,1,1,4,drilling
46669-4-0-8.wav,46669,4.0,8.0,1,1,4,drilling
46669-4-0-9.wav,46669,4.5,8.5,1,1,4,drilling
46918-5-0-0.wav,46918,6.000.195,10.000.195,2,1,5,engine_idling
46918-5-0-1.wav,46918,6.500.195,10.500.195,2,1,5,engine_idling
46918-5-0-2.wav,46918,7.000.195,11.000.195,2,1,5,engine_idling
50901-0-0-0.wav,50901,1.006.702,5.006.702,1,1,0,air_conditioner
50901-0-1-0.wav,50901,9.021.096,13.021.096,1,1,0,air_conditioner
50901-0-1-1.wav,50901,9.521.096,13.521.096,1,1,0,air_conditioner
51022-3-13-0.wav,51022,19.916.516,21.377.728,2,1,3,dog_bark
51022-3-29-0.wav,51022,44.136.601,44.596.982,1,1,3,dog_bark
51022-3-30-4.wav,51022,46.647.024,50.647.024,2,1,3,dog_bark
51022-3-7-0.wav,51022,14.201.777,15.292.682,2,1,3,dog_bark
54858-3-0-0.wav,54858,2.804.638,3.204.638,2,1,3,dog_bark
54858-3-1-2.wav,54858,37.898.228,41.898.228,1,1,3,dog_bark
54858-3-2-0.wav,54858,66.854.743,67.739.928,1,1,3,dog_bark
55020-4-0-0.wav,55020,0.351364,4.351.364,1,1,4,drilling
55020-4-0-1.wav,55020,0.851364,4.851.364,1,1,4,drilling
55020-4-0-10.wav,55020,5.351.364,9.351.364,1,1,4,drilling
55020-4-0-11.wav,55020,5.851.364,9.851.364,1,1,4,drilling
55020-4-0-12.wav,55020,6.351.364,10.351.364,1,1,4,drilling
55020-4-0-13.wav,55020,6.851.364,10.851.364,1,1,4,drilling
55020-4-0-14.wav,55020,7.351.364,11.351.364,1,1,4,drilling
55020-4-0-2.wav,55020,1.351.364,5.351.364,1,1,4,drilling
55020-4-0-3.wav,55020,1.851.364,5.851.364,1,1,4,drilling
55020-4-0-4.wav,55020,23.513.640.000.000.000,6.351.364,1,1,4,drilling
55020-4-0-5.wav,55020,28.513.640.000.000.000,6.851.364,1,1,4,drilling
55020-4-0-6.wav,55020,33.513.640.000.000.000,7.351.364,1,1,4,drilling
55020-4-0-7.wav,55020,38.513.640.000.000.000,7.851.364,1,1,4,drilling
55020-4-0-8.wav,55020,4.351.364,8.351.364,1,1,4,drilling
55020-4-0-9.wav,55020,4.851.364,8.851.364,1,1,4,drilling
57320-0-0-0.wav,57320,0.0,4.0,2,1,0,air_conditioner
57320-0-0-10.wav,57320,5.0,9.0,2,1,0,air_conditioner
57320-0-0-11.wav,57320,5.5,9.5,2,1,0,air_conditioner
57320-0-0-13.wav,57320,6.5,10.5,2,1,0,air_conditioner
57320-0-0-15.wav,57320,7.5,11.5,2,1,0,air_conditioner
57320-0-0-21.wav,57320,10.5,14.5,2,1,0,air_conditioner
57320-0-0-22.wav,57320,11.0,15.0,2,1,0,air_conditioner
57320-0-0-24.wav,57320,12.0,16.0,2,1,0,air_conditioner
57320-0-0-27.wav,57320,13.5,17.5,2,1,0,air_conditioner
57320-0-0-31.wav,57320,15.5,19.5,2,1,0,air_conditioner
57320-0-0-32.wav,57320,16.0,20.0,2,1,0,air_conditioner
57320-0-0-33.wav,57320,16.5,20.5,2,1,0,air_conditioner
57320-0-0-34.wav,57320,17.0,21.0,2,1,0,air_conditioner
57320-0-0-36.wav,57320,18.0,22.0,2,1,0,air_conditioner
57320-0-0-37.wav,57320,18.5,22.5,2,1,0,air_conditioner
57320-0-0-38.wav,57320,19.0,23.0,2,1,0,air_conditioner
57320-0-0-39.wav,57320,19.5,23.5,2,1,0,air_conditioner
57320-0-0-4.wav,57320,2.0,6.0,2,1,0,air_conditioner
57320-0-0-42.wav,57320,21.0,25.0,2,1,0,air_conditioner
57320-0-0-45.wav,57320,22.5,26.5,2,1,0,air_conditioner
57320-0-0-5.wav,57320,2.5,6.5,2,1,0,air_conditioner
57320-0-0-6.wav,57320,3.0,7.0,2,1,0,air_conditioner
57320-0-0-7.wav,57320,3.5,7.5,2,1,0,air_conditioner
57320-0-0-9.wav,57320,4.5,8.5,2,1,0,air_conditioner
57553-3-0-0.wav,57553,0.0,1.715.423,2,1,3,dog_bark
57553-3-1-0.wav,57553,9.679.885,11.932.555,2,1,3,dog_bark
57553-3-2-0.wav,57553,13.063.603,14.279.479,2,1,3,dog_bark
57584-4-0-0.wav,57584,0.0,4.0,2,1,4,drilling
57584-4-0-1.wav,57584,0.5,4.5,2,1,4,drilling
57584-4-0-2.wav,57584,1.0,5.0,2,1,4,drilling
57584-4-0-3.wav,57584,1.5,5.5,2,1,4,drilling
57584-4-0-4.wav,57584,2.0,6.0,2,1,4,drilling
57584-4-0-5.wav,57584,2.5,6.5,2,1,4,drilling
57584-4-0-6.wav,57584,3.0,7.0,2,1,4,drilling
57584-4-0-7.wav,57584,3.5,7.5,2,1,4,drilling
57584-4-0-8.wav,57584,4.0,8.0,2,1,4,drilling
59277-0-0-0.wav,59277,0.0,4.0,1,1,0,air_conditioner
59277-0-0-1.wav,59277,0.5,4.5,1,1,0,air_conditioner
59277-0-0-2.wav,59277,1.0,5.0,1,1,0,air_conditioner
59277-0-0-3.wav,59277,1.5,5.5,1,1,0,air_conditioner
59277-0-0-4.wav,59277,2.0,6.0,1,1,0,air_conditioner
59277-0-0-5.wav,59277,2.5,6.5,1,1,0,air_conditioner
59277-0-0-6.wav,59277,3.0,7.0,1,1,0,air_conditioner
59277-0-0-7.wav,59277,3.5,7.5,1,1,0,air_conditioner
65749-3-1-12.wav,65749,81.445.545,85.445.545,2,1,3,dog_bark
65749-3-1-14.wav,65749,82.445.545,86.445.545,2,1,3,dog_bark
65749-3-1-24.wav,65749,87.445.545,91.445.545,2,1,3,dog_bark
65749-3-1-9.wav,65749,79.945.545,83.945.545,2,1,3,dog_bark
69304-9-0-0.wav,69304,0.0,4.0,2,1,9,street_music
69304-9-0-12.wav,69304,6.0,10.0,2,1,9,street_music
69304-9-0-14.wav,69304,7.0,11.0,2,1,9,street_music
69304-9-0-15.wav,69304,7.5,11.5,2,1,9,street_music
69304-9-0-6.wav,69304,3.0,7.0,2,1,9,street_music
69304-9-0-7.wav,69304,3.5,7.5,2,1,9,street_music
7061-6-0-0.wav,7061,0.978088,3.231.723,1,1,6,gun_shot
71087-4-0-0.wav,71087,0.273315,4.231.567,1,1,4,drilling
71087-4-1-0.wav,71087,4.427.711,523.158,1,1,4,drilling
72261-3-0-17.wav,72261,9.973.879,13.973.879,1,1,3,dog_bark
72261-3-0-23.wav,72261,12.973.879,16.973.879,1,1,3,dog_bark
72261-3-0-27.wav,72261,14.973.879,18.973.879,1,1,3,dog_bark
72261-3-0-6.wav,72261,4.473.879,8.473.879,1,1,3,dog_bark
72579-3-0-0.wav,72579,3.486.718,7.486.718,1,1,3,dog_bark
72579-3-0-2.wav,72579,4.486.718,8.486.718,1,1,3,dog_bark
72579-3-0-3.wav,72579,4.986.718,8.986.718,1,1,3,dog_bark
72579-3-0-4.wav,72579,5.486.718,9.486.718,1,1,3,dog_bark
73277-9-0-0.wav,73277,0.0,4.0,1,1,9,street_music
73277-9-0-16.wav,73277,8.0,12.0,1,1,9,street_music
73277-9-0-17.wav,73277,8.5,12.5,1,1,9,street_music
73277-9-0-19.wav,73277,9.5,13.5,1,1,9,street_music
73277-9-0-24.wav,73277,12.0,16.0,1,1,9,street_music
73277-9-0-28.wav,73277,14.0,18.0,1,1,9,street_music
7383-3-0-0.wav,7383,39.021,79.021,1,1,3,dog_bark
7383-3-0-1.wav,7383,44.021,84.021,1,1,3,dog_bark
7383-3-1-0.wav,7383,11.060.839,15.060.839,1,1,3,dog_bark
76093-6-0-0.wav,76093,32.671,413.887,1,1,6,gun_shot
76093-6-1-0.wav,76093,4.586.976,5.222.472,1,1,6,gun_shot
77246-6-0-0.wav,77246,2.329.836,3.657.301,1,1,6,gun_shot
77766-9-0-0.wav,77766,0.0,4.0,1,1,9,street_music
77766-9-0-3.wav,77766,1.5,5.5,1,1,9,street_music
77766-9-0-4.wav,77766,2.0,6.0,1,1,9,street_music
77766-9-0-5.wav,77766,2.5,6.5,1,1,9,street_music
77766-9-0-6.wav,77766,3.0,7.0,1,1,9,street_music
77766-9-0-7.wav,77766,3.5,7.5,1,1,9,street_music
78360-4-0-0.wav,78360,0.0,4.0,1,1,4,drilling
78360-4-0-1.wav,78360,0.5,4.5,1,1,4,drilling
78360-4-0-11.wav,78360,5.5,9.5,1,1,4,drilling
78360-4-0-12.wav,78360,6.0,10.0,1,1,4,drilling
78360-4-0-14.wav,78360,7.0,11.0,1,1,4,drilling
78360-4-0-15.wav,78360,7.5,11.5,1,1,4,drilling
78360-4-0-16.wav,78360,8.0,12.0,1,1,4,drilling
78360-4-0-17.wav,78360,8.5,12.5,1,1,4,drilling
78360-4-0-18.wav,78360,9.0,13.0,1,1,4,drilling
78360-4-0-19.wav,78360,9.5,13.5,1,1,4,drilling
78360-4-0-2.wav,78360,1.0,5.0,1,1,4,drilling
78360-4-0-20.wav,78360,10.0,14.0,1,1,4,drilling
78360-4-0-21.wav,78360,10.5,14.5,1,1,4,drilling
78360-4-0-22.wav,78360,11.0,15.0,1,1,4,drilling
78360-4-0-23.wav,78360,11.5,15.5,1,1,4,drilling
78360-4-0-3.wav,78360,1.5,5.5,1,1,4,drilling
78360-4-0-4.wav,78360,2.0,6.0,1,1,4,drilling
78360-4-0-5.wav,78360,2.5,6.5,1,1,4,drilling
78360-4-0-6.wav,78360,3.0,7.0,1,1,4,drilling
78360-4-0-7.wav,78360,3.5,7.5,1,1,4,drilling
78360-4-0-8.wav,78360,4.0,8.0,1,1,4,drilling
78360-4-0-9.wav,78360,4.5,8.5,1,1,4,drilling
83199-9-0-0.wav,83199,1.308.659,1.708.659,2,1,9,street_music
86278-6-0-0.wav,86278,0.242924,1.384.127,1,1,6,gun_shot
86279-3-0-0.wav,86279,0.601813,4.083.229,1,1,3,dog_bark
87275-1-0-0.wav,87275,1.337.496,1.482.876,2,1,1,car_horn
87275-1-1-0.wav,87275,1.613.718,1.668.236,2,1,1,car_horn
87275-1-2-0.wav,87275,1.817.251,1.871.768,2,1,1,car_horn
87275-1-3-0.wav,87275,2.202.508,2.264.294,2,1,1,car_horn
87275-1-4-0.wav,87275,2.409.674,247.873,2,1,1,car_horn
87275-1-5-0.wav,87275,2.645.917,2.754.952,2,1,1,car_horn
88466-7-0-0.wav,88466,0.0,1.662.041,1,1,7,jackhammer
89212-3-0-0.wav,89212,0.0,1.324.626,1,1,3,dog_bark
89948-5-0-0.wav,89948,6.675.761,10.675.761,1,1,5,engine_idling
9031-3-1-0.wav,9031,555.171,5.967.569,1,1,3,dog_bark
9031-3-2-0.wav,9031,67.577,9.055.317,1,1,3,dog_bark
9031-3-3-0.wav,9031,9.855.845,11.581.657,1,1,3,dog_bark
9031-3-4-0.wav,9031,12.423.771,13.317.866,1,1,3,dog_bark
94868-1-0-0.wav,94868,0.179042,0.530411,1,1,1,car_horn
94868-1-1-0.wav,94868,1.076.489,1.468.143,1,1,1,car_horn
94868-1-2-0.wav,94868,2.381.256,275.053,1,1,1,car_horn
96158-4-0-0.wav,96158,0.0,1.092.817,1,1,4,drilling
97317-2-0-22.wav,97317,11.0,15.0,1,1,2,children_playing
97317-2-0-23.wav,97317,11.5,15.5,1,1,2,children_playing
97317-2-0-25.wav,97317,12.5,16.5,1,1,2,children_playing
97317-2-0-28.wav,97317,14.0,18.0,1,1,2,children_playing
97317-2-0-34.wav,97317,17.0,21.0,1,1,2,children_playing
97317-2-0-36.wav,97317,18.0,22.0,1,1,2,children_playing
97317-2-0-5.wav,97317,2.5,6.5,1,1,2,children_playing
98223-7-0-0.wav,98223,2.040.371,4.575.376,1,1,7,jackhammer
98223-7-1-0.wav,98223,10.263.682,14.263.682,1,1,7,jackhammer
98223-7-10-0.wav,98223,73.762.488,74.751.759,1,1,7,jackhammer
98223-7-2-0.wav,98223,19.167.118,22.629.565,1,1,7,jackhammer
98223-7-3-0.wav,98223,26.895.794,29.739.947,1,1,7,jackhammer
98223-7-4-0.wav,98223,31.965.806,33.573.371,1,1,7,jackhammer
98223-7-5-0.wav,98223,36.232.035,38.457.894,1,1,7,jackhammer
98223-7-6-0.wav,98223,41.178.388,42.785.953,1,1,7,jackhammer
98223-7-7-0.wav,98223,45.939.253,48.165.112,1,1,7,jackhammer
98223-7-8-0.wav,98223,49.772.677,51.751.218,1,1,7,jackhammer
98223-7-9-0.wav,98223,69.805.406,71.289.312,1,1,7,jackhammer
99180-9-0-0.wav,99180,0.0,4.0,1,1,9,street_music
99180-9-0-2.wav,99180,1.0,5.0,1,1,9,street_music
99180-9-0-36.wav,99180,18.0,22.0,1,1,9,street_music
99180-9-0-48.wav,99180,24.0,28.0,1,1,9,street_music
99180-9-0-49.wav,99180,24.5,28.5,1,1,9,street_music
99180-9-0-7.wav,99180,3.5,7.5,1,1,9,street_music
